{"train": [6.9877558304713325, 6.116071853882227, 5.802642388221545, 5.591102777383266, 5.366414051789504, 5.031424864744529, 4.4810339732047835, 3.781977736032926, 3.0068886616291146, 2.3033248400076842, 1.7702919443448384, 1.3935571908950806, 1.134720965837821, 0.9499142001836728, 0.8146682419838049, 0.7127374532895211, 0.631308295023747, 0.5640910481795286, 0.5105138103931378, 0.4637940946297768, 0.4237410021133912, 0.3883445606781886, 0.3601792527314944, 0.3334632699306195, 0.3129560874822812, 0.2938089546484825, 0.27788859357436496, 0.259956745383067, 0.2480338183351052, 0.23633702309467855, 0.22408760893039215, 0.21455192202940965, 0.20520850519339243, 0.19658857125502366, 0.18944071347896868, 0.18261453452018592, 0.17609489785555082, 0.16968730646066177, 0.16357462184551436, 0.16008612589958388, 0.1545004510344603, 0.14958486094688758, 0.14646702259778976, 0.1421606621872156, 0.1381074231213484, 0.1342747878187742, 0.1319518125592134, 0.1287539294705941, 0.12718964969882599, 0.12340932339429855, 0.12088414100118172, 0.11828429299669388, 0.11656495412954918, 0.11424526085074131, 0.1125383361791953, 0.11107096181083949, 0.10939455920687088, 0.10704841932807213, 0.10538810806778762, 0.10305134130594058, 0.10272403099598029, 0.10033547840057275, 0.09864179942852412, 0.09786170482253417, 0.09758112340783462, 0.09556702533975625, 0.09486956636493023, 0.09404935286595272, 0.09263384628754395, 0.0914439450089748, 0.09019555972936825, 0.08926421518509205, 0.08780941147452746, 0.08816309340107135, 0.08629083041197215, 0.08563264010426326, 0.08446082109824204, 0.0847660950743235, 0.08412142336750641, 0.08268871253881699, 0.0821931547461412, 0.08167669635552627, 0.08058793976520881, 0.08077732416299674, 0.07887694822290005, 0.07932400111204539, 0.07826068147252767, 0.07743058095757778, 0.07743342048846759, 0.07336919434750691, 0.07216904264612076, 0.07091595347111042, 0.0701544016886216, 0.06994256319907996, 0.0689322200532143, 0.06796960508785187, 0.06745380726762307, 0.06698359744862104, 0.066284705287753, 0.06485409523623112], "val": [6.258014559745789, 5.821449875831604, 5.551837754249573, 5.293217372894287, 4.9004490852355955, 4.1803790807724, 3.3361620783805845, 2.2934864282608034, 1.3282360792160035, 0.723954713344574, 0.4096894055604935, 0.25982352942228315, 0.1828172318637371, 0.1429736793041229, 0.11929589882493019, 0.1052374504506588, 0.09570745415985585, 0.08766172491014004, 0.08257350064814091, 0.07727189995348453, 0.07398143634200097, 0.07066074535250663, 0.06823263876140118, 0.06591976284980774, 0.0634790187701583, 0.06165257021784783, 0.06016152799129486, 0.05893911514431238, 0.057566392980515954, 0.05634607598185539, 0.05520813874900341, 0.05429539158940315, 0.053440822288393974, 0.052844981849193576, 0.052099434658885, 0.051434559561312196, 0.05089962016791105, 0.050199195928871634, 0.049843010306358335, 0.049050991982221605, 0.048851436376571654, 0.04840414747595787, 0.04796201605349779, 0.04770475868135691, 0.04725223835557699, 0.04689643830060959, 0.04656902439892292, 0.046127142198383805, 0.045868307910859586, 0.045753459259867665, 0.045554444938898084, 0.04535057097673416, 0.04498454388231039, 0.04499771110713482, 0.044564174488186836, 0.044308440387248994, 0.04426746126264334, 0.0440752599388361, 0.043981638923287394, 0.04360394403338432, 0.04369592647999525, 0.043402088806033134, 0.04335156213492155, 0.043062257766723636, 0.04294214621186256, 0.04288072362542152, 0.04276826027780771, 0.0426591606810689, 0.0424427455291152, 0.04243014715611935, 0.042198356613516806, 0.04235182162374258, 0.04208835661411285, 0.04208284988999367, 0.04193134531378746, 0.041844337806105615, 0.04183133319020271, 0.0419312834739685, 0.04178428258746862, 0.041571734845638274, 0.04156798347830772, 0.041525670886039735, 0.041441760025918484, 0.04149522222578526, 0.04130386952310801, 0.04140489511191845, 0.041122841835021975, 0.04114510267972946, 0.04114390294998884, 0.0408926971256733, 0.040720518305897714, 0.04076450578868389, 0.04064589776098728, 0.040728719905018806, 0.040690603479743, 0.04047669041901827, 0.04049316868185997, 0.04050152786076069, 0.04044352248311043, 0.040415259450674056]}