{"train": [5.973520174334126, 5.329910195258356, 5.1321751902180335, 5.011650014692737, 4.924628856105189, 4.856912022252237, 4.803372529245192, 4.758745424209103, 4.720429426623929, 4.686917240388932, 4.656666326522827, 4.630404498500209, 4.607253683767011, 4.58383225933198, 4.563385105133056, 4.545049148990262, 4.527630050720707, 4.51127722186427, 4.496658540541126, 4.481002856839088, 4.468026115048316, 4.455274551145492, 4.4426066813930385, 4.4318099683330905, 4.420099273804696, 4.409743911989273, 4.398989703578334, 4.388841864370531, 4.378934503370716, 4.370006865839804, 4.361346244812012, 4.352841978688394, 4.344068817938528, 4.335441423231556, 4.3291330045269385, 4.321763569308866, 4.313150688909715, 4.30643265631891, 4.299655649738927, 4.292088104063465, 4.286031819928077, 4.28002428700847, 4.273180261734994, 4.267191265475366, 4.261607540807416, 4.255959163173553, 4.251241414777694, 4.24454953439774, 4.196134899508569, 4.185615374965052, 4.180013422812185, 4.175414974458756, 4.170788235818186, 4.167770307294784, 4.141702284351472, 4.13614216158467, 4.132553811227122, 4.1299657698600525, 4.115756637819351, 4.113513023622574, 4.1115765986904025, 4.1046280599409535, 4.101638843167213, 4.102337025826977, 4.096988997920867, 4.096748152086811, 4.096615418311088, 4.093900902809636], "val": [5.3896334782624855, 5.123698613582513, 4.988148634250347, 4.890983337011093, 4.828910014568231, 4.781140620891865, 4.746126621197432, 4.709263190245017, 4.6871703282380714, 4.663450797398885, 4.645725549795689, 4.627462637730134, 4.612892377070891, 4.600620123056265, 4.58940514540061, 4.577416248810597, 4.566664897478544, 4.558018073057517, 4.54877773920695, 4.5434166834904595, 4.535367562220647, 4.526035657295814, 4.523201581759331, 4.513064360007261, 4.508502630087046, 4.501500954994788, 4.497140511488303, 4.491186887789995, 4.486302180167956, 4.4857839193099585, 4.477545744333511, 4.470736454694699, 4.467962845777854, 4.463895681576851, 4.461249651053013, 4.460575800675612, 4.456492044986823, 4.451912898283738, 4.443630346885095, 4.442101429670285, 4.442405523397984, 4.438065638908973, 4.436803616010225, 4.435417707149799, 4.430523933508457, 4.426021361962343, 4.427699700379983, 4.42570345218365, 4.408953617780637, 4.406697988510132, 4.405296557988876, 4.403220830819546, 4.403790907982068, 4.4032206657605295, 4.396452445250291, 4.395419982763437, 4.398461549710005, 4.396280747193557, 4.393213314887805, 4.393873343100915, 4.392826740558331, 4.39267390813583, 4.392263559194712, 4.393647475120349, 4.39217854768802, 4.392702408325978, 4.392351621236557, 4.392994232666799]}