{"train": [7.597887063026429, 6.712776470184326, 6.619855856895446, 6.542672133445739, 6.448076438903809, 6.340888571739197, 6.236178898811341, 6.1393383026123045, 6.048986506462097, 5.966894578933716, 5.89451310634613, 5.832868599891663, 5.770793819427491, 5.716180229187012, 5.667425227165222, 5.6235496520996096, 5.5821244478225704, 5.544660234451294, 5.50776858329773, 5.475726318359375, 5.4441996097564695, 5.415875315666199, 5.391009449958801, 5.363821935653687, 5.340750360488892, 5.319069123268127, 5.299068284034729, 5.276238465309143, 5.2580506801605225, 5.240814900398254, 5.222765350341797, 5.203630018234253, 5.185122299194336, 5.17007987499237, 5.1557197093963625, 5.137767577171326, 5.121870970726013, 5.1090087890625, 5.091980600357056, 5.076292538642884, 5.065157747268676, 5.0499282598495485, 5.035520410537719, 5.025785636901856, 5.013054347038269, 4.998914790153504, 4.989290833473206, 4.980137777328491, 4.9689802646636965, 4.958496713638306, 4.948835730552673, 4.938164067268372, 4.929883289337158, 4.921229529380798, 4.912414026260376, 4.902863764762879, 4.896033430099488, 4.889138221740723, 4.879119205474853, 4.87035768032074, 4.864905595779419, 4.855669903755188, 4.847701215744019, 4.841034245491028, 4.836283397674561, 4.827320981025696, 4.820857071876526, 4.813419890403748, 4.807131719589234, 4.801310992240905, 4.797136807441712, 4.788290643692017, 4.783045411109924, 4.775687861442566, 4.770699572563172, 4.766270852088928, 4.75849986076355, 4.752092599868774, 4.747759127616883, 4.742861723899841, 4.736309838294983, 4.731175899505615, 4.7269867897033695, 4.720176887512207, 4.715662717819214, 4.712608504295349, 4.707927656173706, 4.701886105537414, 4.695898818969726, 4.693555307388306, 4.688491988182068, 4.683038544654846, 4.680252552032471, 4.675813841819763, 4.669311213493347, 4.665755105018616, 4.660992431640625, 4.65616807937622, 4.652413249015808, 4.649664378166198], "val": [6.801542186737061, 6.653047275543213, 6.580944919586182, 6.493444347381592, 6.389636516571045, 6.282861709594727, 6.181801891326904, 6.089072036743164, 6.004278469085693, 5.924238872528076, 5.862738800048828, 5.797992897033692, 5.741331768035889, 5.690384578704834, 5.644843101501465, 5.602545642852784, 5.563110733032227, 5.528131103515625, 5.4940650939941404, 5.46616268157959, 5.433726406097412, 5.407921886444091, 5.382903003692627, 5.358608913421631, 5.336732578277588, 5.318889522552491, 5.298878955841064, 5.280835819244385, 5.261989784240723, 5.252466106414795, 5.228419017791748, 5.211519432067871, 5.196462631225586, 5.182267475128174, 5.1695808410644535, 5.153806591033936, 5.139037036895752, 5.128990936279297, 5.11268253326416, 5.099745082855224, 5.08912935256958, 5.075739192962646, 5.068137073516846, 5.055442047119141, 5.044408702850342, 5.034133338928223, 5.0309679985046385, 5.019023799896241, 5.010324764251709, 5.000620269775391, 4.9929197311401365, 4.98857889175415, 4.980614376068115, 4.97249116897583, 4.966065692901611, 4.9601561546325685, 4.9603071212768555, 4.948725891113281, 4.940111923217773, 4.934558391571045, 4.930557441711426, 4.924899578094482, 4.919499492645263, 4.9159924507141115, 4.909930610656739, 4.904284954071045, 4.898595809936523, 4.895331954956054, 4.889513683319092, 4.887720012664795, 4.882243347167969, 4.877237319946289, 4.8746795654296875, 4.869622135162354, 4.868054485321045, 4.861279392242432, 4.85768690109253, 4.853745079040527, 4.851542568206787, 4.847998714447021, 4.842585182189941, 4.841130638122559, 4.8380311012268065, 4.833326721191407, 4.830679416656494, 4.828838348388672, 4.824764728546143, 4.823225688934326, 4.820024681091309, 4.819525527954101, 4.814941120147705, 4.809778881072998, 4.808373260498047, 4.805296325683594, 4.803489017486572, 4.802943325042724, 4.799908638000488, 4.796805953979492, 4.79360179901123, 4.791605281829834]}