{"train": [6.546385703942715, 5.7175888526134, 5.469491530687381, 5.335364402868809, 5.242868796373025, 5.174878181555332, 5.120553566859319, 5.075284364895943, 5.037178650880471, 5.004357289045285, 4.976023258307041, 4.951301837578798, 4.929104542120909, 4.909912647345127, 4.89101469822419, 4.876768503433619, 4.862088081164238, 4.848128526638716, 4.834274145273062, 4.823522152044834, 4.8127867380778, 4.803693630756476, 4.793674719639314, 4.784239353277744, 4.77716849400447, 4.769072697712825, 4.761035582958123, 4.7540710889376125, 4.747821068152403, 4.74127169755789, 4.73530433116815, 4.730271932406303, 4.724443955299182, 4.717791881316748, 4.712896768863384, 4.688614710783347, 4.681996204914191, 4.678207764258752, 4.6744767763675785, 4.672181783578335, 4.669031375493759, 4.666107116601406, 4.6645657404875145, 4.661282184796455, 4.658626030652951, 4.656893711823684, 4.6544650212312355, 4.641235272089641, 4.63881699855511, 4.636690512681619, 4.635168778590667, 4.63408830226996, 4.626460240437434], "val": [5.877252197265625, 5.495909714698792, 5.335693645477295, 5.234475684165955, 5.159446120262146, 5.10912504196167, 5.071394515037537, 5.039298582077026, 5.010841822624206, 4.996024322509766, 4.977861785888672, 4.957961130142212, 4.94319167137146, 4.931161022186279, 4.921741700172424, 4.919422364234924, 4.902506041526794, 4.900123453140258, 4.892142629623413, 4.886710786819458, 4.880029487609863, 4.87716155052185, 4.87444007396698, 4.868881797790527, 4.87049663066864, 4.860658407211304, 4.858449673652649, 4.857466459274292, 4.857144093513488, 4.851776099205017, 4.84865186214447, 4.845200943946838, 4.842687320709229, 4.8427650213241575, 4.843474507331848, 4.83223557472229, 4.830282497406006, 4.8288243293762205, 4.82957878112793, 4.828152370452881, 4.8273468017578125, 4.825139117240906, 4.824541330337524, 4.826071953773498, 4.823413014411926, 4.82336540222168, 4.823856353759766, 4.819858360290527, 4.8191108226776125, 4.817347574234009, 4.819250893592835, 4.819478321075439, 4.817464113235474]}