{"train": [6.464009961774273, 5.628547020881407, 5.276406566558346, 5.025237158806093, 4.848523622943509, 4.709345156146634, 4.607235220939883, 4.515295510138235, 4.4328274557667395, 4.3646059820728915, 4.3079552450487695, 4.25142590922694, 4.206230109737765, 4.060368973978104, 4.018416887714017, 3.991482829278515, 3.912134770424135, 3.8888599041969547, 3.874126494315363, 3.8311566937354304, 3.8209905132170645, 3.812403945769033, 3.790359139442444, 3.784570998530234, 3.7806824076560237, 3.7691397143948464, 3.7666238969372166], "val": [5.882792631785075, 5.418861963810065, 5.1452893905150585, 4.975772723173484, 4.8740614499801245, 4.810078559777676, 4.781391541163127, 4.745544354120891, 4.729904205371172, 4.72232121687669, 4.714201957751543, 4.716195626136584, 4.720100959142049, 4.671710637899546, 4.6739391302451105, 4.6823539061424055, 4.661107888588538, 4.662365717765613, 4.665130499081734, 4.659285991619795, 4.659419719989483, 4.661622353089162, 4.658743265347603, 4.659109525191478, 4.66032458574344, 4.659463106057583, 4.660012336877676]}