{"train": [6.516016635587139, 5.649725977067025, 5.316828472383561, 5.104112535907376, 4.949168719014814, 4.83044264701105, 4.729722178366877, 4.6412746521734425, 4.560144998181251, 4.484411608788275, 4.414645841044765, 4.348733286703786, 4.288431321420977, 4.230186910013999, 4.17486032670544, 4.122131716820501, 4.072316223575223, 4.024414730841114, 3.9795017057849513, 3.9353569776781145, 3.8931155896955922, 3.8520486347136957, 3.7706422213585147, 3.744068225737541, 3.7229196486934537, 3.6788345229241157], "val": [5.930091075408153, 5.448207812431531, 5.208163371452918, 5.046658766575349, 4.928284314962534, 4.841359321887676, 4.772140723008376, 4.712873458862305, 4.6609862889999, 4.618520724467742, 4.581548635776226, 4.554464486929087, 4.529166209392058, 4.508834453729483, 4.4946516416011715, 4.481651581250704, 4.476456978382209, 4.4705699896201105, 4.467486577156262, 4.462592387810732, 4.46514028769273, 4.470597609495505, 4.460473457972209, 4.465838689070481, 4.470012169617873, 4.468181836299407]}