{"train": [7.828326153755188, 6.741491270065308, 6.69075915813446, 6.6792250871658325, 6.671359968185425, 6.657602000236511, 6.6255215883255, 6.56500244140625, 6.48909752368927, 6.419059205055237, 6.355733871459961, 6.2916968822479244, 6.221650862693787, 6.141559815406799, 6.063161301612854, 5.992547488212585, 5.931440544128418, 5.877285265922547, 5.827356076240539, 5.781093406677246, 5.7399485349655155, 5.702053260803223, 5.666960525512695, 5.634349918365478, 5.606684780120849, 5.5783268213272095, 5.554388546943665, 5.531198477745056, 5.508883643150329, 5.48852686882019, 5.468347525596618, 5.449516797065735, 5.431828713417053, 5.415479516983032, 5.396676921844483, 5.379870986938476, 5.3633605480194095, 5.347685670852661, 5.331351232528687, 5.317502880096436, 5.3050143957138065, 5.2900892972946165, 5.277843189239502, 5.264424419403076, 5.2527494668960575, 5.239798641204834, 5.22869131565094, 5.2178401231765745, 5.206365466117859, 5.195023393630981, 5.184567594528199, 5.173579168319702, 5.16415946483612, 5.153525924682617, 5.142639374732971, 5.132480907440185, 5.122103309631347, 5.1125572681427, 5.104394769668579, 5.093840408325195, 5.084581518173218, 5.075587677955627, 5.066069722175598, 5.05678505897522, 5.04819540977478, 5.040675115585327, 5.0318992853164675, 5.024373936653137, 5.015924715995789, 5.007867741584778, 4.999635457992554, 4.993045234680176, 4.986866688728332, 4.978349876403809, 4.971777868270874, 4.964178609848022, 4.957526206970215, 4.951125955581665, 4.943299126625061, 4.937073612213135, 4.930163288116455, 4.923375201225281, 4.917428517341614, 4.912388157844544, 4.905096793174744, 4.899544906616211, 4.8929462194442745, 4.884937691688537, 4.879897952079773, 4.874278831481933, 4.867838191986084, 4.8618065357208256, 4.856337547302246, 4.8500608682632445, 4.8458829641342165, 4.840064692497253, 4.833634662628174, 4.82941472530365, 4.823124670982361, 4.816876602172852], "val": [6.795731925964356, 6.702234935760498, 6.68265733718872, 6.674943542480468, 6.664669799804687, 6.644283676147461, 6.597415828704834, 6.523068141937256, 6.449241352081299, 6.38371639251709, 6.3223601341247555, 6.2549999237060545, 6.178690814971924, 6.098655319213867, 6.024402523040772, 5.960217666625977, 5.902102088928222, 5.85081844329834, 5.802901554107666, 5.759105682373047, 5.719577980041504, 5.683241081237793, 5.650435733795166, 5.620404815673828, 5.59287805557251, 5.567009830474854, 5.5439887046813965, 5.521797370910645, 5.5011590957641605, 5.481415462493897, 5.46293888092041, 5.44515552520752, 5.428235912322998, 5.411502170562744, 5.395306205749511, 5.3785545349121096, 5.362855720520019, 5.3480963706970215, 5.3335247993469235, 5.321686553955078, 5.306837654113769, 5.294515228271484, 5.282260990142822, 5.270979309082032, 5.260211753845215, 5.2496997833251955, 5.238565444946289, 5.227605152130127, 5.217243194580078, 5.208362102508545, 5.197597789764404, 5.188028621673584, 5.177998161315918, 5.168056201934815, 5.158977413177491, 5.149830913543701, 5.141671848297119, 5.134294223785401, 5.123849868774414, 5.11536922454834, 5.108587741851807, 5.099592399597168, 5.091778659820557, 5.084553909301758, 5.077285099029541, 5.069785213470459, 5.062237739562988, 5.055703926086426, 5.049593257904053, 5.042606258392334, 5.03596248626709, 5.02979736328125, 5.024887657165527, 5.017802810668945, 5.012549018859863, 5.006949234008789, 5.000376605987549, 4.994878196716309, 4.990687370300293, 4.984958362579346, 4.979326438903809, 4.9732893943786625, 4.968851757049561, 4.964018058776856, 4.958625984191895, 4.954117202758789, 4.948983955383301, 4.945027542114258, 4.939971160888672, 4.935122680664063, 4.930690860748291, 4.927370643615722, 4.922312641143799, 4.918700695037842, 4.913888931274414, 4.909079837799072, 4.90488634109497, 4.901338005065918, 4.898080825805664, 4.8937859535217285]}